epoch,train_loss,val_loss,train_ppl,val_ppl,train_acc,val_acc
1,6.604467255474803,5.895915712629046,738.3863931014732,363.5495904731456,0.20281029009629037,0.2547030476046369
2,5.826778767753632,5.537528787340436,339.2640686630682,254.0494129675199,0.27889128445720296,0.29337926495255945
3,5.4977567169985315,5.364963633673532,244.1436342357333,213.7834600204724,0.31412261248657414,0.3080052060705718
4,5.273693426689425,5.277305330548968,195.13535123703136,195.8414357523682,0.34110125644455336,0.3177264382862251
5,5.101146290739735,5.236087594713483,164.2100318954949,187.93339059692582,0.36400295400175103,0.3209166058021209
6,4.956187144157791,5.243146623883929,142.05114149815773,189.2647112706933,0.3847955778634674,0.32120613457798647
7,4.823683223973073,5.249398674283709,124.42252387113903,190.45171050752117,0.40463372196432784,0.3245551264588299
8,4.710408866720072,5.278471776417324,111.09757472174749,196.07000746830516,0.4231396421746862,0.3213580983092354
9,4.6114334589352115,5.335519926888602,100.6282928255218,207.5806475159858,0.44036018121815845,0.3208986407677962
